Task,Area,Frequency,Interval (Months),Timing,Notes,Tutorial URL,Last Done,Next Due
Replace HVAC filter,HVAC,Monthly,1,Any,1-3 months; monthly with pets/allergies,,,
Test smoke and CO detectors,Safety,Monthly,1,Any,,,,
"Run water in unused sinks, tubs, floor drains",Plumbing,Monthly,1,Any,Keeps P-traps full to block sewer gas,,,
Clean garbage disposal,Kitchen,Monthly,1,Any,Ice and citrus peels or disposal cleaner,,,
Clean range hood filter,Kitchen,Monthly,1,Any,,,,
Check fire extinguishers (gauge in green),Safety,Monthly,1,Any,,,,
Inspect under sinks for leaks,Plumbing,Monthly,1,Any,,,,
Clean dishwasher filter,Kitchen,Monthly,1,Any,,,,
Clean faucet aerators and showerheads,Plumbing,Quarterly,3,Any,Vinegar soak,,,
Run cleaning cycle on dishwasher and washing machine,Appliances,Quarterly,3,Any,,,,
Vacuum refrigerator coils,Appliances,Quarterly,3,Any,,,,
"Check for pests (entry points, traps, droppings)",Pest,Quarterly,3,Any,,,,
Test garage door auto-reverse; lubricate tracks,Garage,Quarterly,3,Any,,,,
Inspect caulk and grout in bathrooms and kitchen,Interior,Quarterly,3,Any,,,,
Clean dryer lint trap housing,Appliances,Quarterly,3,Any,More often with heavy use,,,
Clean gutters and downspouts; check drainage away from foundation,Exterior,Twice a year,6,Spring and Fall,,,,
"Service HVAC (AC in spring, furnace in fall)",HVAC,Twice a year,6,Spring and Fall,Professional service,,,
Inspect roof from the ground,Exterior,Twice a year,6,Spring and Fall,"Missing/curled shingles, flashing",,,
"Check exterior caulking, siding, and paint",Exterior,Twice a year,6,Spring and Fall,,,,
"Inspect decks, fences, and walkways",Exterior,Twice a year,6,Spring and Fall,,,,
Clean windows and screens; check weatherstripping,Exterior,Twice a year,6,Spring and Fall,,,,
Test GFCI outlets,Electrical,Twice a year,6,Spring and Fall,,,,
Replace smoke detector batteries,Safety,Twice a year,6,Spring and Fall,Daylight saving time is a handy reminder,,,
Drain a few gallons from water heater; test pressure relief valve,Plumbing,Twice a year,6,Spring and Fall,,,,
Reverse ceiling fan direction,Interior,Twice a year,6,Spring and Fall,"Counterclockwise summer, clockwise winter",,,
Clean dryer vent duct fully,Appliances,Twice a year,6,Spring and Fall,,,,
Deep clean refrigerator and oven,Appliances,Twice a year,6,Spring and Fall,,,,
Test sump pump (pour water in pit),Plumbing,Twice a year,6,Spring and Fall,If applicable,,,
Start up/winterize lawn equipment and sprinklers,Exterior,Twice a year,6,Spring and Fall,,,,
Trim trees and shrubs away from house and roof,Exterior,Twice a year,6,Spring and Fall,,,,
Seal gaps and cracks in driveway and walkways,Exterior,Twice a year,6,Spring and Fall,,,,
Chimney and fireplace inspection and sweep,Fireplace,Annually,12,Fall,Before first use of the season,,,
Fully flush water heater; check anode rod 2-3 years,Plumbing,Annually,12,Any,,,,
"Inspect attic (insulation, ventilation, leaks, pests)",Interior,Annually,12,Any,,,,
"Inspect crawlspace or basement (moisture, mold, cracks, pests)",Interior,Annually,12,Any,,,,
Check foundation for new cracks,Exterior,Annually,12,Any,,,,
Drain and winterize outdoor faucets and irrigation,Plumbing,Annually,12,Fall,,,,
Clean and inspect water softener,Plumbing,Annually,12,Any,If applicable,,,
"Pressure wash siding, deck, and driveway",Exterior,Annually,12,Spring,,,,
Operate main water shutoff and other shutoff valves,Plumbing,Annually,12,Any,,,,
Review electrical panel for scorch marks or tripped breakers,Electrical,Annually,12,Any,Visual check only; call an electrician for problems,,,
Re-seal granite or stone countertops,Kitchen,Annually,12,Any,If applicable,,,
Deep clean carpets and upholstery,Interior,Annually,12,Any,,,,
"Replace batteries in garage remotes, thermostat, and locks",Safety,Annually,12,Any,,,,
Review home insurance; update home inventory,Admin,Annually,12,Any,,,,
Repaint or touch up exterior,Exterior,2-5 years,48,Any,Varies by climate,,,
Replace washing machine hoses,Appliances,3-5 years,48,Any,Braided steel lasts longer,,,
Re-caulk windows and doors,Exterior,2-5 years,48,Any,,,,
Seal or stain deck,Exterior,2-3 years,30,Any,,,,
Seal driveway,Exterior,2-5 years,48,Any,,,,
Pump septic tank,Plumbing,3-5 years,48,Any,If applicable,,,
Replace smoke detectors,Safety,10 years,120,Any,,,,
Replace CO detectors,Safety,5-7 years,72,Any,Check unit's end-of-life date,,,
Clean air ducts if needed,HVAC,3-5 years,48,Any,Only if dust/mold/pests warrant,,,
Replace fridge water filter,Appliances,6 months,6,Any,,,,
Replace whole-house water filter,Plumbing,Per manufacturer,6,Any,Check manual,,,
Replace water heater (tank),Long term,8-12 years,120,Any,Plan and budget ahead,,,
Replace roof,Long term,15-30 years,240,Any,Depends on material,,,
Replace HVAC system,Long term,15-20 years,204,Any,Plan and budget ahead,,,
